{
  "version": 2,
  "grid": {
    "cols": 32,
    "rows": 18,
    "cellSize": 1.5
  },
  "heightmap": [
    [
      7.065976757497992,
      5.766133024968356,
      4.9775564014134455,
      4.386494262667216,
      3.9208497631056374,
      3.681100695905653,
      3.270406903297988,
      3.0815559653980498,
      3.0312200755721666,
      2.905220462884114,
      2.9870502397343284,
      3.112139523486174,
      2.9380563764560237,
      2.6659150791298103,
      2.667003187703947,
      2.835418263466778,
      3.21076068835074,
      3.5264375790735465,
      3.469381976906183,
      3.346986633205465,
      3.611838557973661,
      3.9162548158818167,
      4.37470859425824,
      5.0241454360003885,
      5.217437102823592,
      5.229779479199961,
      4.910836672940533,
      4.8141395307298085,
      4.195273227836171,
      3.8107535618427035,
      3.6797420405811176,
      3.8753495139961407
    ],
    [
      7.040344055275107,
      5.750336396520562,
      4.87675367270294,
      4.222377194478285,
      3.8356416536965723,
      3.5582010331345773,
      3.2666871572203577,
      3.2205136405791293,
      2.9768567962539136,
      2.7436834852753487,
      2.852157533818906,
      3.0996633836261114,
      3.0161771402395257,
      2.8871012642587135,
      2.992690104804282,
      3.07143187374305,
      3.2678957440883525,
      3.187964631000192,
      3.0478595196153093,
      3.192431571595551,
      3.6016707658313556,
      3.9671455130065083,
      4.3082685784829895,
      4.669356506509793,
      4.950691448886976,
      5.001739614813735,
      4.802267916630023,
      4.999495134462676,
      4.743887934642012,
      4.385064138914862,
      4.142375570022295,
      4.300741330170435
    ],
    [
      7.042306074540473,
      5.833936679467329,
      4.944120453749032,
      4.206438836375962,
      3.6757995382146667,
      3.322625493170373,
      3.1218746883816673,
      3.229494693761212,
      2.9213226375204746,
      2.692963172774284,
      2.693219172955877,
      2.801550542802839,
      2.8326463263584545,
      2.9556681445915367,
      3.167798066414041,
      3.079417409371953,
      3.246967363667173,
      3.077970892324635,
      2.91540715848407,
      3.048309179128879,
      3.3554769294099365,
      3.8862220256776587,
      4.296677154042589,
      4.499169057048947,
      4.831181556092838,
      4.9940270420185096,
      4.856035735594347,
      4.967337988869337,
      4.8339301494018905,
      4.705223856103833,
      4.611020221961072,
      4.586536801110821
    ],
    [
      6.989518789901677,
      5.909373562970639,
      5.054334459504271,
      4.275265467356068,
      3.6157153901025345,
      3.1710315776148343,
      2.9683367389493966,
      3.1275691441210633,
      2.8142284387263437,
      2.645308761861488,
      2.565053574593562,
      2.5236971914248163,
      2.622017522838512,
      2.8885173691248642,
      3.213521139119686,
      3.07346364602772,
      3.170451245019623,
      3.050025020283069,
      2.9145342651896593,
      2.939542615720855,
      3.1379941447276636,
      3.7352107218448523,
      4.225443461122454,
      4.464824317600585,
      4.828674284003912,
      5.062682006842894,
      4.91781593517404,
      4.83747745559211,
      4.800923142257197,
      4.867151869060701,
      4.912629000115441,
      4.768192000288772
    ],
    [
      6.791246066228424,
      5.8783161587374195,
      5.1111377589414415,
      4.433509992842119,
      3.9780269153510797,
      3.4718595529061798,
      3.078787010098904,
      2.9744141942125757,
      2.569330581827994,
      2.4108283143062077,
      2.4752918981807004,
      2.579174593747682,
      2.596365363757344,
      2.6089203935800502,
      3.050902311814063,
      3.2538232106052267,
      3.03223182383848,
      2.9336466085521993,
      2.896070066350622,
      2.9694223923653302,
      3.3635489277737927,
      3.5717043414774907,
      3.8372436761968487,
      4.344057632821128,
      4.749502641482707,
      4.875407443835325,
      4.657908731748257,
      4.650667049561797,
      4.98901920498105,
      4.902397311387946,
      4.707607723220526,
      4.738181370398807
    ],
    [
      6.638754056260433,
      5.908118348693349,
      5.177147677261762,
      4.456081420943709,
      3.9263284301403605,
      3.604744707848459,
      3.238410721124569,
      2.9684381060696365,
      2.3256824689605793,
      2.300580777504567,
      2.3265079454703823,
      2.2015967723592618,
      2.0869138146435056,
      2.525716193248163,
      3.0566125824208825,
      2.9688831213111,
      3.020187588204053,
      3.0243696250865733,
      3.0958221118011218,
      3.2360208788165745,
      3.3298037730158647,
      3.4087121818052286,
      3.6096484647673988,
      4.04232983808927,
      4.3133335037117515,
      4.6846594241354955,
      4.728190116067646,
      4.686796288981161,
      5.08946354507474,
      5.064010557563736,
      4.831158325781347,
      4.5850858652221875
    ],
    [
      6.5868034084465705,
      5.999732239667676,
      5.339078866178378,
      4.653574599851235,
      4.1437510086363885,
      3.700635885606449,
      3.254567107703554,
      2.9540805206844487,
      2.4210024810765933,
      2.183626152061208,
      2.1338063300421917,
      2.0529624011736916,
      1.9487537739456526,
      2.359385598638027,
      2.885475465353025,
      2.817989353948559,
      2.904849923523955,
      2.8577115882502495,
      2.9873189561646405,
      3.270202156138537,
      3.3400600025388116,
      3.359240558625295,
      3.448603781929436,
      3.710161431474842,
      4.114883627165639,
      4.586477335003468,
      4.745696626973089,
      4.859520823870538,
      5.168995879802087,
      5.107955669273213,
      4.888749352998529,
      4.682938945788624
    ],
    [
      6.468712078398337,
      6.019749411700627,
      5.475990012205322,
      4.8898241437360985,
      4.442436192435294,
      3.772099396413817,
      3.238787454079462,
      3.0546870140953897,
      2.8870756663675397,
      2.4358520316975754,
      2.3301545117227356,
      2.4011662349748977,
      2.34954164776841,
      2.399548708445398,
      2.7466391143472886,
      2.7684525158387174,
      2.646073843273586,
      2.4813847622280636,
      2.624503736007381,
      3.029640156381169,
      3.174247659067126,
      3.2829737081149295,
      3.399496449783573,
      3.584989246048973,
      4.112607502973489,
      4.542336076908337,
      4.645723205093998,
      4.833416377682274,
      4.898572700327442,
      4.8714084354758524,
      4.861123581362556,
      4.921746826202112
    ],
    [
      6.163861838814339,
      5.862619296886111,
      5.449489543794715,
      4.9264680054154875,
      4.383936740266508,
      3.732806886189794,
      3.181752875939964,
      3.011786945976536,
      2.986979086543194,
      2.855638728025719,
      2.7766620324653983,
      2.7111975692082213,
      2.671298814636754,
      2.7146241209129336,
      2.9221758132824904,
      2.7357760938717313,
      2.3399082822044157,
      2.3085183172727115,
      2.560829400908411,
      2.8867561617596524,
      2.7592485675868472,
      2.9787642513184394,
      3.3324977168877234,
      3.711503561344394,
      3.9068561809688465,
      4.32007042694409,
      4.416664450281117,
      4.406309585900381,
      4.412650309259017,
      4.73828519056283,
      5.068400055389978,
      4.941515517493743
    ],
    [
      6.225958744666695,
      5.858180429096918,
      5.363615776232813,
      4.823231252336632,
      4.398605977045448,
      3.9885997072646138,
      3.558311333830276,
      3.360369381231035,
      3.118940465191815,
      2.885609967149468,
      2.810604613721949,
      2.772558325961964,
      2.5008587172551957,
      2.626364821681509,
      2.9208576082122573,
      2.763467025944597,
      2.268091752108093,
      2.0186761382546563,
      2.181547141380465,
