{
  "version": 2,
  "grid": {
    "cols": 32,
    "rows": 18,
    "cellSize": 1.5
  },
  "heightmap": [
    [
      7.065976757497992,
      5.766133024968356,
      4.9775564014134455,
      4.386494262667216,
      3.9208497631056374,
      3.681100695905653,
      3.270406903297988,
      3.0815559653980498,
      3.0312200755721666,
      2.905220462884114,
      2.9870502397343284,
      3.112139523486174,
      2.9380563764560237,
      2.6659150791298103,
      2.667003187703947,
      2.835418263466778,
      3.21076068835074,
      3.5264375790735465,
      3.469381976906183,
      3.346986633205465,
      3.611838557973661,
      3.9162548158818167,
      5.424708594258239,
      5.0241454360003885,
      5.217437102823592,
      5.229779479199961,
      4.910836672940533,
      4.8141395307298085,
      4.195273227836171,
      3.8107535618427035,
      3.6797420405811176,
      3.8753495139961407
    ],
    [
      7.040344055275107,
      5.750336396520562,
      4.87675367270294,
      4.222377194478285,
      3.8356416536965723,
      3.5582010331345773,
      3.2666871572203577,
      3.2205136405791293,
      2.9768567962539136,
      2.7436834852753487,
      2.852157533818906,
      3.0996633836261114,
      5.116177140239524,
      3.9371012642587138,
      4.742690104804281,
      4.471431873743049,
      3.9678957440883527,
      3.187964631000192,
      3.0478595196153093,
      3.192431571595551,
      3.6016707658313556,
      3.9671455130065083,
      5.358268578482988,
      5.0193565065097925,
      4.950691448886976,
      5.001739614813735,
      4.802267916630023,
      4.999495134462676,
      4.743887934642012,
      4.385064138914862,
      4.142375570022295,
      4.300741330170435
    ],
    [
      7.042306074540473,
      5.833936679467329,
      4.944120453749032,
      4.206438836375962,
      3.6757995382146667,
      3.322625493170373,
      3.1218746883816673,
      3.229494693761212,
      2.9213226375204746,
      2.692963172774284,
      2.693219172955877,
      2.801550542802839,
      2.8326463263584545,
      2.9556681445915367,
      3.167798066414041,
      3.079417409371953,
      3.246967363667173,
      3.7779708923246353,
      3.26540715848407,
      3.048309179128879,
      3.3554769294099365,
      3.8862220256776587,
      4.296677154042589,
      5.549169057048946,
      4.831181556092838,
      4.9940270420185096,
      4.856035735594347,
      4.967337988869337,
      4.8339301494018905,
      4.705223856103833,
      4.611020221961072,
      4.586536801110821
    ],
    [
      6.989518789901677,
      5.909373562970639,
      5.054334459504271,
      4.275265467356068,
      3.6157153901025345,
      3.1710315776148343,
      2.9683367389493966,
      3.1275691441210633,
      2.8142284387263437,
      2.645308761861488,
      2.565053574593562,
      2.5236971914248163,
      3.6720175228385123,
      3.5885173691248644,
      3.563521139119686,
      3.07346364602772,
      3.170451245019623,
      4.800025020283068,
      5.014534265189659,
      4.689542615720855,
      5.237994144727662,
      3.7352107218448523,
      4.225443461122454,
      5.164824317600584,
      5.178674284003912,
      5.062682006842894,
      4.91781593517404,
      4.83747745559211,
      4.800923142257197,
      4.867151869060701,
      4.912629000115441,
      4.768192000288772
    ],
    [
      6.791246066228424,
      5.8783161587374195,
      5.1111377589414415,
      4.433509992842119,
      3.9780269153510797,
      3.4718595529061798,
      3.078787010098904,
      2.9783151605126346,
      2.6386102887424046,
      2.605811332009412,
      2.7498831726618613,
      2.8145537462506502,
      2.7087059203258637,
      3.3284252250803448,
      8.30090231181406,
      9.553823210605222,
      9.332231823838475,
      3.2836466085521994,
      2.896070066350622,
      2.9694223923653302,
      3.3635489277737927,
      5.321704341477489,
      6.287243676196846,
      4.344057632821128,
      5.449502641482706,
      4.875407443835325,
      4.657908731748257,
      4.650667049561797,
      4.98901920498105,
      4.902397311387946,
      4.707607723220526,
      4.738181370398807
    ],
    [
      6.638754056260433,
      5.908118348693349,
      5.177147677261762,
      4.456081420943709,
      3.9263284301403605,
      3.604744707848459,
      3.246441024927869,
      3.1161154845541787,
      2.821457437079127,
      3.2175156635264104,
      3.4932555605830524,
      5.374036507440701,
      2.7827529275086698,
      2.797888722673106,
      5.896764101437381,
      17.318883121311092,
      20.52018758820406,
      3.0243696250865733,
      3.0958221118011218,
      3.2360208788165745,
      3.3298037730158647,
      3.4087121818052286,
      3.6096484647673988,
      6.842329838089267,
      5.36333350371175,
      5.034659424135495,
      4.728190116067646,
      4.686796288981161,
      5.08946354507474,
      5.064010557563736,
      4.831158325781347,
      4.5850858652221875
    ],
    [
      6.5868034084465705,
      5.999732239667676,
      5.339078866178378,
      4.653574599851235,
      4.1437510086363885,
      3.704536851906508,
      3.3403044236394783,
      3.4479478762458973,
      3.686491324648028,
      4.352875697729484,
      7.320237604448311,
      7.0703007006137755,
      3.7461565594695463,
      3.253682034535648,
      5.22782914744255,
      2.8374941854488536,
      2.904849923523955,
      2.8577115882502495,
      2.9873189561646405,
      3.270202156138537,
      3.3400600025388116,
      3.359240558625295,
      3.448603781929436,
      3.710161431474842,
      6.564883627165637,
      5.636477335003467,
      4.745696626973089,
      4.859520823870538,
      5.168995879802087,
      5.107955669273213,
      4.888749352998529,
      4.682938945788624
    ],
    [
      6.468712078398337,
      6.019749411700627,
      5.475990012205322,
      4.8898241437360985,
      4.442436192435294,
      3.7828646088273445,
      3.447546767858799,
      3.9402843381596924,
      5.016639938508052,
      6.54095799181956,
      8.356908337669624,
      7.0213927474471385,
      5.552932461534234,
      4.107488570703313,
      5.112305509912662,
      2.87000365831979,
      2.646073843273586,
      2.4813847622280636,
      2.624503736007381,
      3.029640156381169,
      3.174247659067126,
      3.2829737081149295,
      3.399496449783573,
      3.584989246048973,
      4.112607502973489,
      5.942336076908336,
      5.345723205093997,
      4.833416377682274,
      4.898572700327442,
      4.8714084354758524,
      4.861123581362556,
      4.921746826202112
    ],
    [
      6.163861838814339,
      5.862619296886111,
      5.449489543794715,
      4.9264680054154875,
      4.383936740266508,
      3.746806886189794,
      3.447752875939961,
      4.090847795630645,
      5.5857074620491405,
      8.08233194636601,
      13.154783247678592,
      9.27099950180834,
      6.961339219707825,
      5.054227986113171,
      6.315381133730325,
      2.957728229266005,
      2.355512147404651,
      2.3085183172727115,
      5.010829400908411,
      4.286756161759652,
      2.7592485675868472,
      2.9787642513184394,
      3.3324977168877234,
      5.811503561344392,
      3.9068561809688465,
      5.720070426944089,
      5.816664450281116,
      4.406309585900381,
      4.412650309259017,
      4.73828519056283,
      5.068400055389978,
      4.941515517493743
    ],
    [
      6.225958744666695,
      5.858180429096918,
      5.363615776232813,
      4.823231252336632,
      4.398605977045448,
      3.999364919678141,
      3.767070647609613,
      4.2863628400951015,
      5.406674301246271,
      10.187638412221824,
      10.32446715392867,
      8.819700733199562,
      6.844447598420903,
      5.105139768562652,
      6.770543364897417,
      3.06241759831794,
      2.3111526017622026,
      2.0186761382546563,
      2.181547141380465,
